risk,likelihood,impact,trigger,mitigation,owner
Network effects chicken-egg problem,high,high,Low initial adoption rates,Seed both sides simultaneously with incentives,Project Leader
Platform development delays,medium,high,Technical complexity exceeds estimates,Agile development with MVP approach,Platform Architect
Competitive response from incumbents,high,medium,Large platforms enter papain market,Differentiate with Caribbean focus and quality,Market Analyst
Customer acquisition cost too high,medium,high,CAC exceeds LTV projections,Multi-channel acquisition strategy,Business Developer
Trust and verification challenges,high,high,Fraud or quality issues damage reputation,Robust verification and insurance framework,Platform Architect
Regulatory compliance complexity,medium,medium,Cross-border trade regulations change,Proactive legal counsel and compliance monitoring,Project Leader
Technology platform security breach,low,high,Cyber attack or data breach,Enterprise-grade security and monitoring,Platform Architect
Key team member departure,medium,medium,Critical team member leaves project,Cross-training and knowledge documentation,Project Leader
Market size smaller than projected,medium,high,TAM analysis proves overly optimistic,Expand to adjacent markets and verticals,Market Analyst
Partnership development delays,medium,medium,Key partnerships take longer to establish,Multiple partnership tracks and alternatives,Business Developer
Quality assurance system failure,low,high,Verification system allows poor quality through,Multi-layer quality checks and insurance,Platform Architect
Payment processing issues,low,medium,Payment gateway failures or disputes,Multiple payment providers and escrow backup,Business Developer
Economic downturn impact,medium,medium,Recession reduces trade volumes,Focus on cost-saving value proposition,Project Leader
Intellectual property disputes,low,medium,Patent or trademark conflicts arise,IP clearance and defensive patent strategy,Project Leader
Supplier consolidation threat,medium,medium,Large suppliers bypass platform,Exclusive partnerships and value-added services,Business Developer
